<?xml version="1.0" encoding="UTF-8"?>
<project-private xmlns="http://www.netbeans.org/ns/project-private/1">
    <editor-bookmarks xmlns="http://www.netbeans.org/ns/editor-bookmarks/2" lastBookmarkId="0"/>
    <open-files xmlns="http://www.netbeans.org/ns/projectui-open-files/2">
        <group>
            <file>file:/C:/Users/José%20Artur%20Kassala/Documents/23.05.2021%20Evening/GestaoCirugia/src/Modal/Erro505.java</file>
            <file>file:/C:/Users/José%20Artur%20Kassala/Documents/23.05.2021%20Evening/GestaoCirugia/src/Views/Main.java</file>
            <file>file:/C:/Users/José%20Artur%20Kassala/Documents/23.05.2021%20Evening/GestaoCirugia/src/Modal/NewCirurgias.java</file>
            <file>file:/C:/Users/José%20Artur%20Kassala/Documents/23.05.2021%20Evening/GestaoCirugia/src/Modal/CirurgiasChart.java</file>
            <file>file:/C:/Users/José%20Artur%20Kassala/Documents/23.05.2021%20Evening/GestaoCirugia/src/Views/Home.java</file>
            <file>file:/C:/Users/José%20Artur%20Kassala/Documents/23.05.2021%20Evening/GestaoCirugia/src/Modal/NewMedicos.java</file>
            <file>file:/C:/Users/José%20Artur%20Kassala/Documents/23.05.2021%20Evening/GestaoCirugia/src/SudoMake/Controllers/SudoMake.java</file>
            <file>file:/C:/Users/José%20Artur%20Kassala/Documents/23.05.2021%20Evening/GestaoCirugia/src/Modal/ShowPaciente.java</file>
        </group>
    </open-files>
</project-private>
